venue,date,race_no,runners,umaban,odds,finish,place_pay
佐賀,20260903,1,5,4,1.7,4,0
佐賀,20260903,2,8,1,1.7,1,100
佐賀,20260903,3,11,11,1.1,1,100
佐賀,20260903,4,10,9,1.8,1,120
佐賀,20260903,5,12,9,3.3,8,0
佐賀,20260903,6,11,10,1.5,1,100
佐賀,20260903,7,9,6,2.6,5,0
佐賀,20260903,8,12,4,1.2,1,100
佐賀,20260903,9,9,3,1.2,3,100
佐賀,20260903,10,11,5,1.2,2,110
佐賀,20260903,11,9,2,1.6,1,100
佐賀,20260903,12,11,5,1.1,1,140
佐賀,20260905,1,10,3,1.8,2,100
佐賀,20260905,2,12,9,3.1,2,110
佐賀,20260905,3,10,4,2.7,1,140
佐賀,20260905,4,11,8,2.3,2,120
佐賀,20260905,5,12,10,1.4,1,120
佐賀,20260905,6,12,5,1.2,1,120
佐賀,20260905,7,11,8,2.0,6,0
佐賀,20260905,8,11,2,2.2,10,0
佐賀,20260905,9,10,7,2.3,1,110
佐賀,20260905,10,10,7,1.3,1,110
佐賀,20260906,1,10,6,1.8,4,0
佐賀,20260906,2,12,1,1.2,1,100
佐賀,20260906,3,11,6,1.6,1,120
佐賀,20260906,4,12,9,1.1,2,100
佐賀,20260906,5,11,1,2.8,9,0
佐賀,20260906,6,11,6,1.9,7,0
佐賀,20260906,7,6,2,1.3,1,120
佐賀,20260906,8,12,9,1.2,2,120
佐賀,20260906,9,11,2,1.2,2,100
佐賀,20260912,1,8,7,2.1,5,0
佐賀,20260912,2,8,7,2.3,3,100
佐賀,20260912,3,9,6,2.0,1,100
佐賀,20260912,4,11,6,1.8,1,120
佐賀,20260912,5,11,9,1.1,1,100
佐賀,20260912,6,12,2,1.3,1,100
佐賀,20260912,7,9,6,2.9,1,150
佐賀,20260912,8,11,8,1.1,1,100
佐賀,20260912,9,12,3,1.5,1,100
佐賀,20260912,10,11,3,1.3,2,110
佐賀,20260919,1,11,6,1.1,6,0
佐賀,20260919,2,11,1,1.2,6,0
佐賀,20260919,3,9,7,1.3,2,100
佐賀,20260919,4,12,10,2.3,2,110
佐賀,20260919,5,11,11,1.4,1,100
佐賀,20260919,6,11,8,1.4,4,0
佐賀,20260919,7,11,2,2.0,2,120
佐賀,20260919,8,9,8,1.8,2,100
佐賀,20260919,9,11,10,1.5,1,110
佐賀,20260919,10,14,10,1.6,2,110
佐賀,20260920,1,7,1,1.3,1,110
佐賀,20260920,2,10,3,1.4,1,110
佐賀,20260920,3,10,4,1.9,1,130
佐賀,20260920,4,11,4,1.8,2,110
佐賀,20260920,5,12,5,1.3,1,100
佐賀,20260920,6,9,8,1.9,3,130
佐賀,20260920,7,8,1,1.3,1,110
佐賀,20260920,8,8,7,1.4,2,100
佐賀,20260920,9,14,14,1.3,1,120
佐賀,20260921,1,8,4,2.4,4,0
佐賀,20260921,2,12,12,1.1,1,100
佐賀,20260921,3,12,5,1.8,5,0
佐賀,20260921,4,9,5,1.5,1,100
佐賀,20260921,5,11,3,2.9,3,130
佐賀,20260921,6,11,2,1.6,1,110
佐賀,20260921,7,10,10,2.2,2,110
佐賀,20260921,8,11,3,1.5,1,110
佐賀,20260921,9,14,4,1.2,1,120
佐賀,20260926,1,9,5,1.3,1,120
佐賀,20260926,2,10,1,1.0,1,100
佐賀,20260926,3,9,3,1.9,3,130
佐賀,20260926,4,12,6,2.2,2,110
佐賀,20260926,5,10,2,1.6,3,110
佐賀,20260926,6,12,2,2.1,1,110
佐賀,20260926,7,10,3,2.2,4,0
佐賀,20260926,8,12,1,2.3,1,120
佐賀,20260926,9,12,10,2.5,1,120
佐賀,20260926,10,14,9,1.4,1,110
佐賀,20260927,1,8,5,1.9,3,120
佐賀,20260927,2,11,9,3.6,1,140
佐賀,20260927,3,12,3,1.4,2,100
佐賀,20260927,4,11,3,1.6,1,120
佐賀,20260927,5,10,1,1.1,2,100
佐賀,20260927,6,12,1,1.8,2,100
佐賀,20260927,7,12,6,1.9,4,0
佐賀,20260927,8,11,4,2.7,1,120
佐賀,20260927,9,13,7,1.4,1,110
名古屋,20260901,1,10,8,1.8,2,120
名古屋,20260901,2,11,5,2.1,5,0
名古屋,20260901,3,10,9,2.5,1,140
名古屋,20260901,4,10,10,3.0,1,140
名古屋,20260901,5,11,11,2.8,2,200
名古屋,20260901,6,11,1,3.9,3,170
名古屋,20260901,7,10,3,1.2,1,110
名古屋,20260901,8,10,8,1.2,2,100
名古屋,20260901,9,9,5,1.1,1,100
名古屋,20260901,10,9,7,1.2,2,100
名古屋,20260901,11,12,6,1.7,1,120
名古屋,20260901,12,11,12,2.7,1,120
名古屋,20260902,1,9,10,2.5,1,120
名古屋,20260902,2,10,10,2.8,2,130
名古屋,20260902,3,11,2,1.4,1,110
名古屋,20260902,4,11,11,1.5,2,100
名古屋,20260902,5,12,5,1.0,1,100
名古屋,20260902,6,12,6,1.5,1,110
名古屋,20260902,7,12,8,1.7,3,100
名古屋,20260902,8,10,7,1.6,1,110
名古屋,20260902,9,9,2,2.2,2,130
名古屋,20260902,10,11,8,1.5,3,110
名古屋,20260902,11,10,5,2.4,6,0
名古屋,20260902,12,12,5,2.5,10,0
名古屋,20260903,1,11,9,1.5,1,100
名古屋,20260903,2,10,5,1.3,1,100
名古屋,20260903,3,12,7,2.3,4,0
名古屋,20260903,4,7,4,2.3,2,340
名古屋,20260903,5,10,10,1.3,2,100
名古屋,20260903,6,11,3,1.7,2,110
名古屋,20260903,7,11,10,1.5,5,0
名古屋,20260903,8,12,12,2.8,3,120
名古屋,20260903,9,12,1,2.0,4,0
名古屋,20260903,10,10,8,1.3,1,110
名古屋,20260903,11,11,9,2.2,1,120
名古屋,20260903,12,11,7,3.2,1,140
名古屋,20260904,1,10,6,1.6,2,110
名古屋,20260904,2,10,3,3.5,1,130
名古屋,20260904,3,11,6,2.0,2,140
名古屋,20260904,4,10,8,2.9,9,0
名古屋,20260904,5,10,7,1.2,2,100
名古屋,20260904,6,11,5,2.0,4,0
名古屋,20260904,7,12,4,2.4,2,140
名古屋,20260904,8,10,2,1.6,2,110
名古屋,20260904,9,12,7,1.7,2,140
名古屋,20260904,10,8,2,1.7,2,140
名古屋,20260904,11,11,4,2.5,3,110
名古屋,20260904,12,12,12,3.0,1,160
名古屋,20260907,1,8,5,1.8,3,100
名古屋,20260907,2,7,6,1.4,1,110
名古屋,20260907,3,9,9,1.6,1,140
名古屋,20260907,4,9,5,1.3,1,100
名古屋,20260907,5,9,2,2.1,7,0
名古屋,20260907,6,10,9,2.6,1,120
名古屋,20260907,7,10,2,2.7,1,190
名古屋,20260907,8,10,6,2.4,1,100
名古屋,20260907,9,10,9,1.7,4,0
名古屋,20260907,10,11,9,1.2,2,110
名古屋,20260907,11,8,8,1.8,3,100
名古屋,20260907,12,11,11,3.5,6,0
名古屋,20260914,1,11,4,2.2,1,110
名古屋,20260914,2,11,6,2.3,4,0
名古屋,20260914,3,12,7,2.3,2,150
名古屋,20260914,4,9,6,1.7,4,0
名古屋,20260914,5,12,7,2.5,1,210
名古屋,20260914,6,10,5,2.2,1,100
名古屋,20260914,7,12,10,2.0,2,120
名古屋,20260914,8,10,4,2.7,1,150
名古屋,20260914,9,10,6,1.4,4,0
名古屋,20260914,10,10,9,1.7,7,0
名古屋,20260914,11,12,5,1.3,2,100
名古屋,20260914,12,12,8,3.1,1,150
名古屋,20260915,1,12,9,1.7,1,130
名古屋,20260915,2,11,9,2.5,1,150
名古屋,20260915,3,11,1,2.3,2,120
名古屋,20260915,4,12,6,2.0,1,110
名古屋,20260915,5,6,7,1.1,2,100
名古屋,20260915,6,8,3,1.1,1,100
名古屋,20260915,7,11,1,1.7,1,140
名古屋,20260915,8,11,4,1.5,1,140
名古屋,20260915,9,10,6,2.8,1,120
名古屋,20260915,10,11,11,2.3,4,0
名古屋,20260915,11,11,10,2.1,6,0
名古屋,20260915,12,12,7,3.3,6,0
名古屋,20260916,1,10,10,2.2,1,130
名古屋,20260916,2,11,2,1.7,3,100
名古屋,20260916,3,11,7,2.0,1,130
名古屋,20260916,4,10,2,1.8,3,110
名古屋,20260916,5,11,1,1.9,5,0
名古屋,20260916,6,11,7,1.2,1,100
名古屋,20260916,7,10,6,2.4,1,120
名古屋,20260916,8,11,8,1.4,2,120
名古屋,20260916,9,11,9,1.9,4,0
名古屋,20260916,10,11,7,2.2,2,160
名古屋,20260916,11,10,10,2.1,1,120
名古屋,20260916,12,11,1,2.9,2,170
名古屋,20260917,1,10,4,1.6,3,110
名古屋,20260917,2,11,11,1.8,1,110
名古屋,20260917,3,9,2,1.6,3,110
名古屋,20260917,4,9,1,1.5,1,110
名古屋,20260917,5,10,10,2.2,1,120
名古屋,20260917,6,10,5,3.0,5,0
名古屋,20260917,7,12,12,1.6,2,130
名古屋,20260917,8,5,2,1.3,1,100
名古屋,20260917,9,11,2,3.2,6,0
名古屋,20260917,10,9,9,1.7,2,100
名古屋,20260917,11,12,3,1.3,1,100
名古屋,20260917,12,12,4,3.2,10,0
名古屋,20260918,1,10,4,1.5,1,120
名古屋,20260918,2,10,5,3.5,2,150
名古屋,20260918,3,10,1,1.7,5,0
名古屋,20260918,4,7,4,1.4,5,0
名古屋,20260918,5,10,6,2.4,2,150
名古屋,20260918,6,11,8,1.6,1,110
名古屋,20260918,7,11,5,2.8,3,120
名古屋,20260918,8,12,9,1.7,3,100
名古屋,20260918,9,12,6,1.6,1,110
名古屋,20260918,10,11,1,1.5,6,0
名古屋,20260918,11,11,1,1.2,2,100
名古屋,20260918,12,12,10,3.0,4,0
名古屋,20260929,1,12,6,2.2,1,120
名古屋,20260929,2,12,10,3.6,1,150
名古屋,20260929,3,11,12,4.2,4,0
名古屋,20260929,4,12,9,1.8,1,110
名古屋,20260929,5,12,7,2.2,9,0
名古屋,20260929,6,12,2,1.3,8,0
名古屋,20260929,7,12,10,2.1,1,110
名古屋,20260929,8,12,5,1.9,1,110
名古屋,20260929,9,10,8,1.9,1,120
名古屋,20260929,10,11,4,3.5,4,0
名古屋,20260929,11,12,10,1.8,1,110
名古屋,20260929,12,12,4,2.0,1,110
名古屋,20260930,1,11,4,1.9,2,120
名古屋,20260930,2,12,12,2.3,2,150
名古屋,20260930,3,12,2,1.3,1,100
名古屋,20260930,4,11,5,2.0,5,0
名古屋,20260930,5,12,7,1.6,1,120
名古屋,20260930,6,12,4,2.1,3,120
名古屋,20260930,7,12,2,3.5,3,170
名古屋,20260930,8,12,10,3.2,8,0
名古屋,20260930,9,11,12,1.2,3,100
名古屋,20260930,10,12,8,1.7,2,120
名古屋,20260930,11,12,4,3.3,12,0
名古屋,20260930,12,12,8,2.6,1,120
園田,20260902,1,12,12,2.7,1,160
園田,20260902,2,9,7,1.0,1,100
園田,20260902,3,6,6,1.6,1,100
園田,20260902,4,10,5,1.0,1,100
園田,20260902,5,12,7,1.2,1,110
園田,20260902,6,12,11,1.6,2,110
園田,20260902,7,10,10,1.2,2,100
園田,20260902,8,7,7,2.0,6,0
園田,20260902,9,11,1,2.8,1,120
園田,20260902,10,8,6,1.6,2,100
園田,20260902,11,11,10,2.3,2,100
園田,20260902,12,12,2,1.8,5,0
園田,20260903,1,12,3,1.6,5,0
園田,20260903,2,10,2,1.5,1,130
園田,20260903,3,7,7,1.2,1,110
園田,20260903,4,12,2,1.3,2,100
園田,20260903,5,11,7,2.5,1,150
園田,20260903,6,12,11,1.8,11,0
園田,20260903,7,9,7,1.9,2,100
園田,20260903,8,7,3,1.3,1,100
園田,20260903,9,12,3,2.2,4,0
園田,20260903,10,9,5,1.5,1,100
園田,20260903,11,12,6,2.5,6,0
園田,20260903,12,12,4,1.4,4,0
園田,20260904,1,12,5,1.7,1,110
園田,20260904,2,12,8,1.8,5,0
園田,20260904,3,12,8,1.5,1,110
園田,20260904,4,10,5,1.7,7,0
園田,20260904,5,9,1,1.2,1,120
園田,20260904,6,10,7,2.3,3,110
園田,20260904,7,10,5,3.4,3,150
園田,20260904,8,6,3,1.2,1,120
園田,20260904,9,10,9,1.9,3,110
園田,20260904,10,10,8,2.7,7,0
園田,20260904,11,12,1,2.9,1,130
園田,20260904,12,11,12,1.7,1,110
園田,20260909,1,10,7,1.6,3,100
園田,20260909,2,6,1,1.3,2,100
園田,20260909,3,10,5,1.1,1,110
園田,20260909,4,10,3,1.5,1,110
園田,20260909,5,10,3,2.4,1,100
園田,20260909,6,10,9,3.1,7,0
園田,20260909,7,10,10,1.9,1,110
園田,20260909,8,9,5,2.2,1,110
園田,20260909,9,9,2,2.3,3,140
園田,20260909,10,12,4,2.1,4,0
園田,20260910,1,10,8,2.3,5,0
園田,20260910,2,7,2,1.5,1,120
園田,20260910,3,7,3,2.1,3,0
園田,20260910,4,10,10,2.2,4,0
園田,20260910,5,10,10,2.5,1,150
園田,20260910,6,10,6,2.2,1,130
園田,20260910,7,8,5,2.0,8,0
園田,20260910,8,8,3,2.4,2,110
園田,20260910,9,8,8,1.7,7,0
園田,20260910,10,12,6,1.5,1,110
園田,20260910,11,11,1,2.5,3,100
園田,20260910,12,10,9,1.9,1,150
園田,20260911,1,8,6,1.4,2,100
園田,20260911,2,6,5,2.3,6,0
園田,20260911,3,7,4,1.5,1,110
園田,20260911,4,7,3,1.2,2,110
園田,20260911,5,8,7,1.8,2,120
園田,20260911,6,8,4,1.3,1,100
園田,20260911,7,7,5,1.5,1,130
園田,20260911,8,9,7,1.5,8,0
園田,20260911,9,10,10,2.2,2,170
園田,20260911,10,10,4,2.3,3,100
園田,20260911,11,9,9,1.3,1,110
園田,20260911,12,12,6,3.3,2,130
園田,20260916,1,8,6,1.3,1,100
園田,20260916,2,8,2,1.7,3,100
園田,20260916,3,5,1,1.3,1,120
園田,20260916,4,10,5,1.6,2,110
園田,20260916,5,11,3,1.7,1,140
園田,20260916,6,10,7,2.5,1,140
園田,20260916,7,12,7,2.7,1,0
園田,20260916,8,8,5,1.5,1,100
園田,20260916,9,11,11,3.3,9,0
園田,20260916,10,9,8,1.7,1,120
園田,20260916,11,12,7,1.9,6,0
園田,20260916,12,11,10,2.2,5,0
園田,20260917,1,8,2,1.1,1,100
園田,20260917,2,7,1,1.5,2,110
園田,20260917,3,8,5,1.1,1,100
園田,20260917,4,8,5,1.9,2,150
園田,20260917,5,9,3,2.9,4,0
園田,20260917,6,12,8,2.1,2,110
園田,20260917,7,9,1,2.7,8,0
園田,20260917,8,9,7,2.4,4,0
園田,20260917,9,9,2,2.1,1,130
園田,20260917,10,12,10,3.0,5,0
園田,20260917,11,9,9,1.0,1,100
園田,20260917,12,12,8,2.0,1,140
園田,20260918,1,12,10,1.1,1,110
園田,20260918,2,8,7,1.5,2,110
園田,20260918,3,9,7,1.9,1,100
園田,20260918,4,9,9,1.7,2,150
園田,20260918,5,8,7,1.9,3,120
園田,20260918,6,8,9,1.3,1,100
園田,20260918,7,9,1,2.6,1,140
園田,20260918,8,12,7,2.6,1,130
園田,20260918,9,10,10,2.1,2,100
園田,20260918,10,9,2,2.1,3,110
園田,20260918,11,9,1,2.0,3,110
園田,20260918,12,11,1,2.2,2,110
園田,20260923,1,9,5,1.6,1,140
園田,20260923,2,8,5,1.5,1,120
園田,20260923,3,9,8,1.6,1,100
園田,20260923,4,12,2,1.9,1,130
園田,20260923,5,10,4,1.3,1,100
園田,20260923,6,12,11,1.4,1,100
園田,20260923,7,10,5,1.9,1,120
園田,20260923,8,9,2,1.6,7,0
園田,20260923,9,10,5,1.8,2,120
園田,20260923,10,12,9,2.1,7,0
園田,20260923,11,12,11,2.7,3,130
園田,20260923,12,12,5,1.8,2,120
園田,20260924,1,9,5,2.6,4,0
園田,20260924,2,7,7,1.4,1,110
園田,20260924,3,10,8,2.1,1,110
園田,20260924,4,10,2,1.4,1,120
園田,20260924,5,10,10,1.3,2,110
園田,20260924,6,12,11,2.2,3,130
園田,20260924,7,10,7,1.7,3,110
園田,20260924,8,10,2,2.0,1,150
園田,20260924,9,8,6,2.3,3,100
園田,20260924,10,9,7,1.9,2,100
園田,20260924,11,12,5,1.4,3,100
園田,20260924,12,12,10,2.8,2,130
園田,20260925,1,9,9,1.2,1,100
園田,20260925,2,9,8,1.0,1,100
園田,20260925,3,9,6,2.7,9,0
園田,20260925,4,8,4,2.2,1,100
園田,20260925,5,7,6,1.7,1,120
園田,20260925,6,11,2,1.4,1,120
園田,20260925,7,11,8,3.0,3,120
園田,20260925,8,9,5,2.3,1,170
園田,20260925,9,12,4,1.2,1,100
園田,20260925,10,12,7,2.3,3,140
園田,20260925,11,11,6,3.4,3,150
園田,20260925,12,12,1,2.8,2,130
園田,20260930,1,10,9,1.4,2,120
園田,20260930,2,6,2,1.3,1,120
園田,20260930,3,10,9,1.7,1,110
園田,20260930,4,10,5,1.9,4,0
園田,20260930,5,11,6,1.3,1,110
園田,20260930,6,12,3,1.5,1,110
園田,20260930,7,9,4,2.3,2,140
園田,20260930,8,9,3,1.6,1,110
園田,20260930,9,9,9,1.4,2,100
園田,20260930,10,9,9,1.5,2,100
園田,20260930,11,12,7,2.4,1,170
園田,20260930,12,12,1,2.9,2,140
大井,20260901,1,10,9,1.6,3,100
大井,20260901,2,14,4,1.5,1,100
大井,20260901,3,6,4,1.8,2,110
大井,20260901,4,6,1,2.2,2,120
大井,20260901,5,10,5,3.1,1,120
大井,20260901,6,12,7,2.0,3,110
大井,20260901,7,11,6,1.5,1,110
大井,20260901,8,16,11,1.7,1,100
大井,20260901,9,14,12,1.6,1,110
大井,20260901,10,11,2,1.6,1,110
大井,20260901,11,15,9,1.5,1,120
大井,20260901,12,12,3,1.5,1,100
大井,20260902,1,11,4,1.8,1,110
大井,20260902,2,16,2,2.7,3,130
大井,20260902,3,7,6,1.7,2,140
大井,20260902,4,11,11,2.0,3,110
大井,20260902,5,12,1,2.6,4,0
大井,20260902,6,14,8,3.2,2,140
大井,20260902,7,15,14,3.5,5,0
大井,20260902,8,12,5,2.1,3,150
大井,20260902,9,13,4,3.5,1,150
大井,20260902,10,13,1,1.2,3,100
大井,20260902,11,16,3,1.9,1,120
大井,20260902,12,11,7,3.0,2,140
大井,20260903,1,10,6,1.7,4,0
大井,20260903,2,16,13,1.9,3,120
大井,20260903,3,10,6,2.1,1,130
大井,20260903,4,7,7,2.2,2,150
大井,20260903,5,12,11,1.4,2,100
大井,20260903,6,15,13,2.7,1,110
大井,20260903,7,12,6,2.8,1,120
大井,20260903,9,12,4,2.3,3,100
大井,20260903,10,11,8,1.9,1,110
大井,20260903,11,9,5,1.5,1,100
大井,20260903,12,10,8,3.6,7,0
大井,20260904,1,10,8,1.7,2,100
大井,20260904,2,11,3,2.6,1,180
大井,20260904,3,13,7,1.4,1,100
大井,20260904,4,7,6,2.0,3,0
大井,20260904,5,5,3,1.4,2,100
大井,20260904,6,12,5,1.6,10,0
大井,20260904,7,8,9,1.8,2,140
大井,20260904,8,6,4,1.3,2,110
大井,20260904,9,6,3,2.0,2,120
大井,20260904,10,14,7,2.7,6,0
大井,20260904,11,13,5,1.1,3,110
大井,20260904,12,15,3,2.1,3,110
大井,20260914,1,14,8,2.6,1,110
大井,20260914,2,11,9,1.6,1,110
大井,20260914,3,13,6,1.8,2,100
大井,20260914,4,14,3,1.8,1,130
大井,20260914,5,10,1,2.1,1,110
大井,20260914,6,12,4,3.3,1,140
大井,20260914,7,10,12,2.3,5,0
大井,20260914,8,10,6,2.8,3,120
大井,20260914,9,13,10,2.2,2,120
大井,20260914,10,10,2,1.8,4,0
大井,20260914,11,16,15,3.7,1,160
大井,20260914,12,13,8,2.2,1,130
大井,20260915,1,14,11,1.5,1,120
大井,20260915,2,11,12,1.1,4,0
大井,20260915,3,12,12,1.2,1,100
大井,20260915,4,8,5,1.3,6,0
大井,20260915,5,12,3,1.4,1,110
大井,20260915,6,11,1,1.9,5,0
大井,20260915,7,13,7,1.4,1,120
大井,20260915,8,11,10,1.3,1,120
大井,20260915,9,10,4,2.2,1,110
大井,20260915,10,13,3,2.0,1,140
大井,20260915,11,10,8,2.7,2,140
大井,20260915,12,14,1,1.5,2,120
大井,20260916,1,7,7,1.3,2,120
大井,20260916,2,8,7,1.3,1,100
大井,20260916,3,10,10,1.7,2,100
大井,20260916,4,13,6,1.3,3,120
大井,20260916,5,12,8,2.0,5,0
大井,20260916,6,11,12,3.2,4,0
大井,20260916,7,10,1,1.1,1,130
大井,20260916,8,13,11,2.1,1,110
大井,20260916,9,10,5,2.9,1,130
大井,20260916,10,14,13,4.1,12,0
大井,20260916,11,11,4,1.7,1,110
大井,20260916,12,14,2,2.8,2,130
大井,20260917,1,11,5,1.4,1,130
大井,20260917,2,14,3,1.4,1,120
大井,20260917,3,13,9,1.4,1,130
大井,20260917,4,10,10,1.0,1,100
大井,20260917,5,8,7,1.5,2,100
大井,20260917,6,13,4,2.2,11,0
大井,20260917,7,7,5,1.2,1,100
大井,20260917,8,11,6,2.0,6,0
大井,20260917,9,10,3,2.8,4,0
大井,20260917,10,13,6,2.5,1,140
大井,20260917,11,11,3,1.3,1,110
大井,20260917,12,9,8,2.0,1,150
大井,20260918,1,7,7,1.5,1,100
大井,20260918,2,14,9,1.5,1,110
大井,20260918,3,14,4,2.0,3,120
大井,20260918,4,10,6,1.3,1,100
大井,20260918,5,7,5,1.3,1,120
大井,20260918,7,12,9,2.0,7,0
大井,20260918,8,10,10,1.2,1,100
大井,20260918,9,9,1,1.1,5,0
大井,20260918,10,11,6,1.8,1,130
大井,20260918,11,13,10,2.8,1,120
大井,20260918,12,10,4,2.2,4,0
川崎,20260907,1,12,4,3.6,1,150
川崎,20260907,2,7,5,1.9,3,0
川崎,20260907,3,8,2,1.1,2,100
川崎,20260907,4,5,3,1.4,2,110
川崎,20260907,5,12,6,2.2,10,0
川崎,20260907,6,11,3,2.2,1,120
川崎,20260907,7,11,10,1.4,2,100
川崎,20260907,8,6,6,2.0,2,140
川崎,20260907,9,12,9,1.4,6,0
川崎,20260907,10,12,4,2.4,12,0
川崎,20260907,11,11,11,4.7,3,180
川崎,20260907,12,12,7,2.0,1,130
川崎,20260908,1,8,2,1.7,4,0
川崎,20260908,2,11,10,2.0,4,0
川崎,20260908,3,12,10,2.2,2,140
川崎,20260908,4,12,10,2.2,1,120
川崎,20260908,5,12,11,3.7,1,150
川崎,20260908,6,12,2,3.2,4,0
川崎,20260908,7,12,8,1.9,6,0
川崎,20260908,8,8,2,2.7,2,130
川崎,20260908,9,9,10,1.9,2,100
川崎,20260908,10,14,11,2.5,2,130
川崎,20260908,11,9,10,2.2,2,120
川崎,20260908,12,14,13,1.9,7,0
川崎,20260909,1,13,11,1.3,1,100
川崎,20260909,2,8,7,1.3,1,100
川崎,20260909,3,12,10,1.6,5,0
川崎,20260909,4,14,5,3.1,5,0
川崎,20260909,5,12,11,1.1,2,110
川崎,20260909,6,12,8,3.0,1,120
川崎,20260909,7,12,1,2.1,4,0
川崎,20260909,8,12,1,1.4,2,120
川崎,20260909,9,12,11,3.3,2,140
川崎,20260909,10,13,13,1.8,1,130
川崎,20260909,11,13,10,3.4,3,160
川崎,20260909,12,14,5,4.6,1,300
川崎,20260910,1,12,9,1.1,1,100
川崎,20260910,2,12,12,1.3,2,100
川崎,20260910,3,12,8,1.5,1,130
川崎,20260910,4,10,8,2.0,1,130
川崎,20260910,5,12,6,1.5,1,120
川崎,20260910,6,12,10,2.2,1,150
川崎,20260910,7,14,7,2.1,1,120
川崎,20260910,8,12,6,2.4,2,140
川崎,20260910,9,12,8,2.1,3,120
川崎,20260910,10,10,2,3.7,2,140
川崎,20260910,11,11,5,2.1,2,130
川崎,20260910,12,14,6,3.1,1,140
川崎,20260911,1,12,7,1.5,1,100
川崎,20260911,2,9,7,1.9,2,100
川崎,20260911,3,5,3,2.0,5,0
川崎,20260911,4,6,2,2.4,5,0
川崎,20260911,5,7,5,2.1,1,110
川崎,20260911,6,12,6,1.6,1,100
川崎,20260911,7,7,5,2.2,3,0
川崎,20260911,8,12,11,2.2,3,120
川崎,20260911,9,11,5,1.9,3,110
川崎,20260911,10,12,3,3.1,2,120
川崎,20260911,11,11,12,1.9,1,110
川崎,20260911,12,14,4,1.8,13,0
帯広ば,20260905,1,9,1,3.7,2,270
帯広ば,20260905,2,9,6,3.2,2,120
帯広ば,20260905,3,10,7,4.5,3,160
帯広ば,20260905,4,10,8,3.0,5,0
帯広ば,20260905,5,9,9,2.9,2,120
帯広ば,20260905,6,10,4,2.5,2,160
帯広ば,20260905,7,9,7,2.2,2,100
帯広ば,20260905,8,10,8,2.8,1,140
帯広ば,20260905,9,10,2,1.8,1,100
帯広ば,20260905,10,10,6,1.8,1,110
帯広ば,20260905,11,10,6,1.9,1,120
帯広ば,20260905,12,10,1,4.0,10,0
帯広ば,20260906,1,10,9,2.8,3,130
帯広ば,20260906,2,9,9,3.6,2,110
帯広ば,20260906,3,10,10,3.6,5,0
帯広ば,20260906,4,10,7,3.3,5,0
帯広ば,20260906,5,10,6,2.1,2,120
帯広ば,20260906,6,9,1,4.0,2,140
帯広ば,20260906,7,10,7,2.2,4,0
帯広ば,20260906,8,10,6,2.6,4,0
帯広ば,20260906,9,10,5,2.4,1,200
帯広ば,20260906,10,10,2,2.2,1,120
帯広ば,20260906,11,8,8,1.5,1,110
帯広ば,20260906,12,10,10,2.2,5,0
帯広ば,20260907,1,10,5,1.6,1,100
帯広ば,20260907,2,10,4,2.9,2,140
帯広ば,20260907,3,10,1,2.1,5,0
帯広ば,20260907,4,10,4,2.9,7,0
帯広ば,20260907,5,9,6,1.8,1,110
帯広ば,20260907,6,10,9,1.4,1,0
帯広ば,20260907,7,10,5,2.2,3,150
帯広ば,20260907,8,9,9,1.5,3,110
帯広ば,20260907,9,10,7,1.9,6,0
帯広ば,20260907,10,10,5,1.9,1,120
帯広ば,20260907,11,10,3,4.2,3,160
帯広ば,20260907,12,10,6,2.9,1,160
帯広ば,20260912,1,10,3,2.4,5,0
帯広ば,20260912,2,10,3,2.3,4,0
帯広ば,20260912,3,10,4,2.4,6,0
帯広ば,20260912,4,9,1,2.2,4,0
帯広ば,20260912,5,10,4,1.7,6,0
帯広ば,20260912,6,10,1,3.1,9,0
帯広ば,20260912,7,10,3,2.3,2,120
帯広ば,20260912,8,10,6,1.7,1,100
帯広ば,20260912,9,10,10,2.6,1,130
帯広ば,20260912,10,10,2,3.8,5,0
帯広ば,20260912,11,10,4,2.4,6,0
帯広ば,20260912,12,9,6,1.7,1,120
帯広ば,20260913,1,9,6,3.1,3,150
帯広ば,20260913,2,10,6,3.1,8,0
帯広ば,20260913,3,10,10,3.5,8,0
帯広ば,20260913,4,10,10,3.2,1,160
帯広ば,20260913,5,10,10,1.4,2,120
帯広ば,20260913,6,10,3,3.8,3,130
帯広ば,20260913,7,9,1,3.0,1,110
帯広ば,20260913,8,10,7,1.1,1,100
帯広ば,20260913,9,9,3,1.6,2,100
帯広ば,20260913,10,10,9,2.9,3,140
帯広ば,20260913,11,6,4,1.9,6,0
帯広ば,20260913,12,10,6,3.1,1,160
帯広ば,20260914,1,10,7,1.7,3,120
帯広ば,20260914,2,10,7,1.8,8,0
帯広ば,20260914,3,9,7,2.7,5,0
帯広ば,20260914,4,10,4,3.3,6,0
帯広ば,20260914,5,10,6,2.1,2,130
帯広ば,20260914,6,10,2,2.2,2,100
帯広ば,20260914,7,10,8,2.9,3,130
帯広ば,20260914,8,8,3,3.1,8,0
帯広ば,20260914,9,10,10,2.4,1,110
帯広ば,20260914,10,10,3,1.4,1,100
帯広ば,20260914,11,9,2,2.0,2,110
帯広ば,20260914,12,10,9,1.7,1,120
帯広ば,20260919,1,10,8,1.7,4,0
帯広ば,20260919,2,9,9,3.2,2,150
帯広ば,20260919,3,10,7,3.2,2,130
帯広ば,20260919,4,10,9,2.9,2,120
帯広ば,20260919,5,8,3,2.5,2,120
帯広ば,20260919,6,10,10,2.9,5,0
帯広ば,20260919,7,9,9,2.1,1,110
帯広ば,20260919,8,9,3,2.1,9,0
帯広ば,20260919,9,10,8,3.4,1,160
帯広ば,20260919,10,10,10,1.4,1,120
帯広ば,20260919,11,10,5,3.2,8,0
帯広ば,20260919,12,10,6,1.9,1,100
帯広ば,20260920,1,10,10,1.1,1,100
帯広ば,20260920,2,10,4,2.8,10,0
帯広ば,20260920,3,10,10,3.7,3,170
帯広ば,20260920,4,10,5,3.4,6,0
帯広ば,20260920,5,9,1,2.7,3,120
帯広ば,20260920,6,10,4,2.0,1,130
帯広ば,20260920,7,10,1,2.2,2,120
帯広ば,20260920,8,10,6,2.6,3,120
帯広ば,20260920,9,9,2,3.0,7,0
帯広ば,20260920,10,10,2,1.6,4,0
帯広ば,20260920,11,10,5,2.2,3,130
帯広ば,20260920,12,10,5,2.9,3,110
帯広ば,20260921,1,9,6,1.2,6,0
帯広ば,20260921,2,10,1,3.1,2,140
帯広ば,20260921,3,9,4,2.0,1,140
帯広ば,20260921,4,9,1,3.4,4,0
帯広ば,20260921,5,10,6,2.8,1,150
帯広ば,20260921,6,9,4,2.1,3,120
帯広ば,20260921,7,9,1,2.6,9,0
帯広ば,20260921,8,10,9,1.5,1,100
帯広ば,20260921,9,10,8,1.6,1,100
帯広ば,20260921,10,9,3,1.0,1,100
帯広ば,20260921,11,10,3,2.8,1,140
帯広ば,20260921,12,9,1,1.4,1,100
帯広ば,20260926,1,10,2,3.3,8,0
帯広ば,20260926,2,10,3,1.8,5,0
帯広ば,20260926,3,10,6,2.7,10,0
帯広ば,20260926,4,10,2,2.9,3,150
帯広ば,20260926,5,9,7,1.8,8,0
帯広ば,20260926,6,10,1,3.8,10,0
帯広ば,20260926,7,9,4,1.3,1,100
帯広ば,20260926,8,9,2,4.8,2,160
帯広ば,20260926,9,10,6,2.6,2,120
帯広ば,20260926,10,10,7,1.7,2,110
帯広ば,20260926,11,10,9,1.9,1,110
帯広ば,20260926,12,10,10,3.2,4,0
帯広ば,20260927,1,10,5,2.2,1,120
帯広ば,20260927,2,9,1,1.4,2,110
帯広ば,20260927,3,10,8,4.0,3,170
帯広ば,20260927,4,10,5,3.1,1,120
帯広ば,20260927,5,10,3,2.9,6,0
帯広ば,20260927,6,9,3,2.8,5,0
帯広ば,20260927,7,10,8,3.4,3,270
帯広ば,20260927,8,10,4,3.1,1,150
帯広ば,20260927,9,10,8,1.5,1,110
帯広ば,20260927,10,10,5,2.2,2,130
帯広ば,20260927,11,9,7,1.2,1,100
帯広ば,20260927,12,10,1,3.9,2,150
帯広ば,20260928,1,8,2,1.7,5,0
帯広ば,20260928,2,9,5,3.1,6,0
帯広ば,20260928,3,10,7,2.6,1,120
帯広ば,20260928,4,10,4,4.2,9,0
帯広ば,20260928,5,9,4,2.3,8,0
帯広ば,20260928,6,9,5,3.0,8,0
帯広ば,20260928,7,10,6,3.7,3,130
帯広ば,20260928,8,10,10,3.4,2,130
帯広ば,20260928,9,10,6,3.0,3,140
帯広ば,20260928,10,10,9,2.3,5,0
帯広ば,20260928,11,10,7,1.5,7,0
帯広ば,20260928,12,10,8,1.8,1,110
水沢,20260906,1,9,8,1.6,2,130
水沢,20260906,2,9,4,2.3,2,100
水沢,20260906,3,9,5,1.4,1,100
水沢,20260906,4,10,6,2.5,3,150
水沢,20260906,5,7,3,2.7,1,270
水沢,20260906,6,10,2,1.5,1,130
水沢,20260906,7,9,4,2.2,3,100
水沢,20260906,8,9,3,2.2,3,110
水沢,20260906,9,9,8,1.8,3,110
水沢,20260906,10,9,9,2.0,2,110
水沢,20260906,11,12,4,2.8,1,130
水沢,20260907,1,10,6,1.1,1,100
水沢,20260907,2,10,2,1.1,1,0
水沢,20260907,3,9,5,1.9,1,110
水沢,20260907,4,9,9,2.8,1,150
水沢,20260907,5,10,7,1.5,1,110
水沢,20260907,6,8,5,1.2,1,100
水沢,20260907,7,7,7,3.2,3,0
水沢,20260907,8,8,2,1.4,1,130
水沢,20260907,9,9,8,1.2,1,100
水沢,20260907,10,10,8,2.0,7,0
水沢,20260907,11,12,5,3.5,1,160
水沢,20260907,12,12,6,2.1,7,0
水沢,20260908,1,12,3,1.8,1,150
水沢,20260908,2,12,8,2.7,2,110
水沢,20260908,3,12,1,1.4,3,100
水沢,20260908,4,12,11,2.1,5,0
水沢,20260908,5,8,7,1.4,1,100
水沢,20260908,6,9,7,3.2,5,0
水沢,20260908,7,9,1,1.2,1,100
水沢,20260908,8,8,8,2.1,1,160
水沢,20260908,9,8,4,2.0,2,110
水沢,20260908,10,8,2,3.2,1,130
水沢,20260908,11,8,2,2.3,1,120
水沢,20260908,12,9,1,2.3,2,150
水沢,20260913,1,10,9,2.2,3,110
水沢,20260913,2,9,7,1.2,1,100
水沢,20260913,3,9,9,2.8,5,0
水沢,20260913,4,9,7,1.9,2,100
水沢,20260913,5,12,5,1.9,3,110
水沢,20260913,6,12,6,3.2,3,120
水沢,20260913,7,12,1,1.8,3,110
水沢,20260913,8,11,4,1.7,1,150
水沢,20260913,9,12,2,1.5,3,100
水沢,20260913,10,12,1,2.6,3,100
水沢,20260913,11,8,4,1.9,1,130
水沢,20260913,12,8,5,1.3,1,100
水沢,20260914,1,10,9,2.8,1,160
水沢,20260914,2,10,3,1.2,1,100
水沢,20260914,3,10,1,1.9,1,110
水沢,20260914,4,10,3,2.7,4,0
水沢,20260914,5,11,1,2.8,9,0
水沢,20260914,6,11,3,2.1,8,0
水沢,20260914,7,11,2,2.0,6,0
水沢,20260914,8,11,5,3.9,8,0
水沢,20260914,9,10,1,1.6,1,120
水沢,20260914,10,9,5,2.0,1,110
水沢,20260914,11,10,3,1.9,3,100
水沢,20260914,12,12,3,1.8,1,110
水沢,20260915,1,10,10,1.9,1,100
水沢,20260915,2,10,9,1.6,3,110
水沢,20260915,3,9,2,1.4,1,100
水沢,20260915,4,11,11,2.1,1,100
水沢,20260915,5,11,8,2.1,1,110
水沢,20260915,6,10,5,2.0,3,140
水沢,20260915,7,10,3,3.1,2,140
水沢,20260915,8,10,10,2.0,1,110
水沢,20260915,9,11,7,3.5,10,0
水沢,20260915,10,11,3,3.1,10,0
水沢,20260915,11,11,1,2.2,5,0
水沢,20260915,12,9,5,1.9,1,110
水沢,20260921,1,10,6,2.0,2,100
水沢,20260921,2,11,8,2.7,2,150
水沢,20260921,3,11,3,1.2,1,100
水沢,20260921,4,11,4,2.1,1,120
水沢,20260921,5,9,1,1.6,1,140
水沢,20260921,6,10,5,1.3,3,110
水沢,20260921,7,10,9,3.4,2,170
水沢,20260921,8,11,9,1.2,1,100
水沢,20260921,9,10,2,2.4,1,110
水沢,20260921,10,10,2,2.9,3,130
水沢,20260921,11,12,3,3.2,2,150
水沢,20260921,12,12,11,1.1,1,100
水沢,20260922,1,10,6,1.8,1,120
水沢,20260922,2,10,2,2.2,3,100
水沢,20260922,3,10,4,1.3,1,100
水沢,20260922,4,9,3,1.5,1,100
水沢,20260922,5,11,6,1.5,1,100
水沢,20260922,6,10,4,1.5,1,100
水沢,20260922,7,10,5,1.8,1,110
水沢,20260922,8,12,5,1.1,2,100
水沢,20260922,9,12,12,1.9,1,170
水沢,20260922,10,7,5,1.4,1,110
水沢,20260922,11,8,1,1.7,3,110
水沢,20260922,12,10,8,1.7,1,150
水沢,20260923,1,12,11,1.1,2,100
水沢,20260923,2,11,1,2.1,1,150
水沢,20260923,3,12,11,1.9,1,110
水沢,20260923,4,9,2,2.6,2,100
水沢,20260923,5,10,8,1.5,1,100
水沢,20260923,6,11,8,1.8,1,100
水沢,20260923,7,11,3,1.5,1,100
水沢,20260923,8,9,5,1.9,1,110
水沢,20260923,9,12,3,1.4,1,100
水沢,20260923,10,11,9,1.5,2,110
水沢,20260923,11,10,9,1.4,2,100
水沢,20260923,12,10,3,3.0,2,130
水沢,20260927,1,10,10,2.1,1,120
水沢,20260927,2,8,3,1.3,1,100
水沢,20260927,3,9,2,1.6,1,100
水沢,20260927,4,9,2,3.0,2,110
水沢,20260927,5,11,8,1.2,1,100
水沢,20260927,6,11,10,2.3,2,100
水沢,20260927,7,12,1,1.2,1,100
水沢,20260927,8,12,10,2.0,2,150
水沢,20260927,9,10,8,1.4,1,100
水沢,20260927,10,11,11,2.2,3,120
水沢,20260927,11,12,12,1.6,4,0
水沢,20260927,12,11,8,1.4,1,100
水沢,20260928,1,11,8,1.5,4,0
水沢,20260928,2,11,6,1.2,1,100
水沢,20260928,3,10,4,2.2,1,100
水沢,20260928,4,10,9,1.4,1,110
水沢,20260928,5,10,10,1.7,1,110
水沢,20260928,6,8,6,1.4,1,100
水沢,20260928,7,8,3,1.9,5,0
水沢,20260928,8,8,3,1.7,3,100
水沢,20260928,9,11,12,1.9,1,150
水沢,20260928,10,10,5,2.9,7,0
水沢,20260928,11,11,9,2.6,1,130
水沢,20260928,12,12,12,1.9,1,100
水沢,20260929,1,10,10,2.6,2,110
水沢,20260929,2,10,8,2.2,3,110
水沢,20260929,3,10,7,2.2,1,100
水沢,20260929,4,9,5,1.2,2,100
水沢,20260929,5,8,2,1.5,1,110
水沢,20260929,6,10,10,1.7,4,0
水沢,20260929,7,10,7,2.5,7,0
水沢,20260929,8,10,8,2.0,1,120
水沢,20260929,9,12,8,2.6,2,120
水沢,20260929,10,12,8,1.6,4,0
水沢,20260929,11,11,9,1.6,1,120
水沢,20260929,12,11,1,2.3,4,0
浦和,20260922,1,12,8,2.6,2,140
浦和,20260922,2,11,3,2.0,5,0
浦和,20260922,3,9,3,1.8,1,140
浦和,20260922,4,11,11,1.3,2,100
浦和,20260922,5,12,7,1.0,1,100
浦和,20260922,6,12,8,2.3,6,0
浦和,20260922,7,13,3,2.3,11,0
浦和,20260922,8,11,6,3.0,8,0
浦和,20260922,9,12,10,2.8,2,130
浦和,20260922,10,12,9,2.7,4,0
浦和,20260922,11,12,5,4.0,5,0
浦和,20260922,12,12,12,2.0,2,110
浦和,20260923,1,12,12,1.7,1,110
浦和,20260923,2,12,9,2.9,4,0
浦和,20260923,3,12,3,2.4,3,150
浦和,20260923,4,13,1,1.0,1,110
浦和,20260923,5,12,2,3.2,2,140
浦和,20260923,6,13,6,1.2,1,100
浦和,20260923,7,12,13,2.9,3,140
浦和,20260923,8,11,3,2.3,1,130
浦和,20260923,9,12,5,1.7,3,110
浦和,20260923,10,9,4,2.3,1,120
浦和,20260923,11,12,2,2.4,3,150
浦和,20260923,12,12,3,1.8,4,0
浦和,20260924,1,12,1,1.2,1,110
浦和,20260924,2,12,2,2.1,1,160
浦和,20260924,3,5,4,1.2,1,110
浦和,20260924,4,6,1,1.7,2,140
浦和,20260924,5,12,6,2.2,2,130
浦和,20260924,6,12,8,1.8,2,110
浦和,20260924,7,12,4,3.5,2,180
浦和,20260924,8,10,5,1.2,2,100
浦和,20260924,9,11,10,3.9,2,140
浦和,20260924,10,12,5,1.5,9,0
浦和,20260924,11,12,4,2.1,1,110
浦和,20260924,12,12,4,2.0,11,0
浦和,20260925,1,12,8,1.8,4,0
浦和,20260925,2,12,11,1.5,5,0
浦和,20260925,3,5,4,1.1,1,100
浦和,20260925,4,6,1,1.7,1,120
浦和,20260925,5,12,3,1.4,3,120
浦和,20260925,6,12,7,1.8,4,0
浦和,20260925,7,12,4,1.6,1,100
浦和,20260925,8,7,6,1.5,3,0
浦和,20260925,9,13,9,1.3,1,110
浦和,20260925,10,11,8,1.2,1,120
浦和,20260925,11,13,2,1.6,7,0
浦和,20260925,12,12,3,2.0,1,190
盛岡,20260901,1,11,2,1.1,2,100
盛岡,20260901,2,11,6,2.2,1,120
盛岡,20260901,3,12,3,2.2,2,120
盛岡,20260901,4,12,5,2.4,1,130
盛岡,20260901,5,11,3,2.9,9,0
盛岡,20260901,6,11,5,2.3,8,0
盛岡,20260901,7,10,5,2.5,2,150
盛岡,20260901,8,11,7,1.8,2,140
盛岡,20260901,9,9,3,1.6,1,100
盛岡,20260901,10,11,2,2.0,1,120
盛岡,20260901,11,11,7,1.2,1,120
盛岡,20260901,12,10,1,1.7,1,120
笠松,20260908,1,9,9,1.4,1,100
笠松,20260908,2,8,3,1.1,1,100
笠松,20260908,3,8,4,1.4,2,100
笠松,20260908,4,9,2,2.8,6,0
笠松,20260908,5,8,7,1.5,7,0
笠松,20260908,6,7,5,1.9,1,120
笠松,20260909,1,8,2,1.7,5,0
笠松,20260909,2,9,9,1.8,5,0
笠松,20260909,3,8,7,2.3,2,190
笠松,20260909,4,7,7,2.2,1,140
笠松,20260909,5,10,7,1.3,1,110
笠松,20260909,6,8,2,3.2,2,140
笠松,20260909,7,8,7,3.9,3,160
笠松,20260909,8,10,6,3.1,1,130
笠松,20260909,9,10,8,3.4,2,120
笠松,20260909,10,9,1,2.1,8,0
笠松,20260910,1,8,8,2.1,1,120
笠松,20260910,2,7,3,1.3,3,0
笠松,20260910,3,7,7,1.4,2,100
笠松,20260910,4,7,2,1.8,1,110
笠松,20260910,5,8,7,1.4,1,110
笠松,20260910,6,8,5,1.4,1,100
笠松,20260910,7,8,4,2.1,1,140
笠松,20260910,8,7,5,1.7,3,0
笠松,20260910,9,8,5,2.2,1,140
笠松,20260910,10,8,2,2.2,7,0
笠松,20260910,11,7,1,2.3,4,0
笠松,20260911,1,8,5,2.3,2,130
笠松,20260911,2,7,2,1.7,4,0
笠松,20260911,3,8,1,2.4,4,0
笠松,20260911,4,10,6,1.8,3,110
笠松,20260911,5,10,9,1.8,5,0
笠松,20260911,6,7,6,1.1,1,100
笠松,20260911,7,7,3,2.2,1,140
笠松,20260911,8,8,5,1.4,2,100
笠松,20260911,9,12,4,1.1,2,110
笠松,20260911,10,8,5,1.6,3,120
笠松,20260911,11,9,3,2.0,1,120
笠松,20260922,1,9,5,1.2,2,100
笠松,20260922,2,8,4,1.3,1,100
笠松,20260922,3,9,9,2.4,1,100
笠松,20260922,4,10,9,2.7,4,0
笠松,20260922,5,9,5,1.3,1,100
笠松,20260922,6,9,9,2.5,7,0
笠松,20260922,7,8,5,2.1,3,120
笠松,20260922,8,7,1,1.8,3,0
笠松,20260922,9,8,8,2.3,1,190
笠松,20260922,10,9,5,2.8,1,150
笠松,20260922,11,10,9,1.7,4,0
笠松,20260923,1,6,2,2.0,3,0
笠松,20260923,2,7,4,1.7,1,110
笠松,20260923,3,7,6,1.7,2,150
笠松,20260923,4,9,7,2.6,7,0
笠松,20260923,5,10,4,1.6,2,110
笠松,20260923,6,11,8,2.5,1,130
笠松,20260923,7,10,10,1.9,4,0
笠松,20260923,8,8,5,1.9,3,110
笠松,20260923,9,11,8,2.2,9,0
笠松,20260923,10,8,8,1.4,4,0
笠松,20260923,11,10,10,1.7,6,0
笠松,20260924,1,9,9,1.1,1,100
笠松,20260924,2,8,8,1.3,3,100
笠松,20260924,3,7,5,1.4,1,130
笠松,20260924,4,8,4,1.5,1,100
笠松,20260924,5,8,8,1.0,1,100
笠松,20260924,6,10,3,2.2,3,120
笠松,20260924,7,9,2,2.6,1,160
笠松,20260924,8,10,8,1.0,1,100
笠松,20260924,9,9,8,2.9,2,150
笠松,20260924,10,9,8,2.5,1,140
笠松,20260924,11,10,10,2.5,1,140
笠松,20260925,1,8,8,1.0,1,100
笠松,20260925,2,7,6,1.2,1,120
笠松,20260925,3,7,8,1.9,4,0
笠松,20260925,4,9,2,1.4,2,110
笠松,20260925,5,7,5,1.1,5,0
笠松,20260925,6,8,8,1.7,5,0
笠松,20260925,7,8,2,2.1,1,110
笠松,20260925,8,9,6,3.2,2,140
笠松,20260925,9,9,2,2.4,2,100
笠松,20260925,10,10,2,2.0,1,150
笠松,20260925,11,10,8,1.4,4,0
船橋,20260928,1,12,5,1.8,1,100
船橋,20260928,2,12,11,2.4,8,0
船橋,20260928,3,10,4,2.5,7,0
船橋,20260928,4,7,5,1.5,2,100
船橋,20260928,5,12,3,1.5,1,120
船橋,20260928,6,13,7,2.3,2,100
船橋,20260928,7,12,6,3.2,10,0
船橋,20260928,8,8,2,3.4,5,0
船橋,20260928,9,12,4,3.3,10,0
船橋,20260928,10,11,8,2.2,3,120
船橋,20260928,11,11,7,1.6,5,0
船橋,20260928,12,13,10,2.4,1,130
船橋,20260929,1,12,8,1.5,1,110
船橋,20260929,2,12,4,1.7,1,100
船橋,20260929,3,12,5,3.4,6,0
船橋,20260929,4,11,2,2.9,7,0
船橋,20260929,5,11,7,2.0,3,110
船橋,20260929,6,12,4,3.5,1,160
船橋,20260929,7,14,12,2.0,2,120
船橋,20260929,8,14,4,2.9,1,140
船橋,20260929,9,12,7,3.0,2,160
船橋,20260929,10,14,13,3.9,8,0
船橋,20260929,11,10,6,2.3,2,120
船橋,20260929,12,12,6,2.1,1,130
船橋,20260930,1,9,6,1.7,3,120
船橋,20260930,2,12,3,1.1,5,0
船橋,20260930,3,13,9,1.8,1,110
船橋,20260930,4,12,2,1.0,1,110
船橋,20260930,5,11,6,1.5,1,110
船橋,20260930,6,11,5,1.6,4,0
船橋,20260930,7,9,5,2.0,1,130
船橋,20260930,8,10,8,1.0,1,100
船橋,20260930,9,10,5,3.1,1,160
船橋,20260930,10,10,8,1.7,1,100
船橋,20260930,11,9,7,1.2,1,100
船橋,20260930,12,12,1,2.3,2,130
金沢,20260901,1,8,8,1.7,3,100
金沢,20260901,2,6,4,1.5,1,110
金沢,20260901,3,8,4,2.7,2,150
金沢,20260901,4,9,6,1.2,1,100
金沢,20260901,5,8,4,2.2,2,120
金沢,20260901,6,6,4,1.3,1,100
金沢,20260901,7,12,11,1.6,2,100
金沢,20260901,8,8,1,1.3,1,120
金沢,20260901,9,8,8,2.3,1,120
金沢,20260901,10,8,1,1.8,1,110
金沢,20260901,11,7,4,1.3,1,110
金沢,20260901,12,8,6,2.1,1,140
金沢,20260906,1,8,3,2.3,1,100
金沢,20260906,2,7,5,2.2,2,210
金沢,20260906,3,7,4,1.2,1,100
金沢,20260906,4,8,1,1.2,1,100
金沢,20260906,5,9,8,1.4,1,100
金沢,20260906,6,9,6,1.9,7,0
金沢,20260906,7,8,4,1.3,7,0
金沢,20260906,8,9,8,1.9,1,100
金沢,20260906,9,8,8,1.9,6,0
金沢,20260906,10,10,10,2.5,10,0
金沢,20260906,11,11,4,1.4,8,0
金沢,20260908,1,8,6,2.4,6,0
金沢,20260908,2,10,3,2.7,1,150
金沢,20260908,3,8,6,1.9,5,0
金沢,20260908,4,9,2,1.4,1,110
金沢,20260908,5,8,9,1.9,4,0
金沢,20260908,6,10,10,2.5,6,0
金沢,20260908,7,9,4,2.8,7,0
金沢,20260908,8,8,8,1.2,1,100
金沢,20260908,9,7,6,1.2,6,0
金沢,20260908,10,10,4,1.9,1,110
金沢,20260908,11,11,1,2.2,2,150
金沢,20260908,12,7,3,1.3,1,130
金沢,20260913,1,12,6,1.6,1,130
金沢,20260913,2,10,10,1.6,1,100
金沢,20260913,3,12,3,1.1,1,100
金沢,20260913,4,7,6,3.0,1,130
金沢,20260913,5,8,7,2.3,1,120
金沢,20260913,6,12,7,2.1,3,120
金沢,20260913,7,11,7,1.8,3,120
金沢,20260913,8,8,3,2.1,4,0
金沢,20260913,9,9,2,1.3,1,100
金沢,20260913,10,11,8,2.0,1,160
金沢,20260913,11,6,3,1.1,1,120
金沢,20260915,1,11,10,2.7,1,160
金沢,20260915,2,11,1,1.7,1,120
金沢,20260915,3,8,4,3.1,1,130
金沢,20260915,4,12,11,1.5,1,120
金沢,20260915,5,12,2,1.3,1,100
金沢,20260915,6,12,5,1.6,9,0
金沢,20260915,7,8,1,2.0,6,0
金沢,20260915,8,11,2,2.5,1,160
金沢,20260915,9,8,4,2.2,2,130
金沢,20260915,10,9,6,2.0,1,120
金沢,20260915,11,11,2,1.4,1,100
金沢,20260915,12,9,3,1.7,3,110
金沢,20260921,1,12,1,1.9,4,0
金沢,20260921,2,10,10,3.1,1,100
金沢,20260921,3,8,5,1.6,1,120
金沢,20260921,5,10,3,2.0,2,130
金沢,20260921,6,6,5,1.1,1,110
金沢,20260921,7,9,1,1.4,1,110
金沢,20260921,8,12,6,1.2,1,100
金沢,20260921,9,10,7,2.0,4,0
金沢,20260921,10,7,4,1.2,1,110
金沢,20260922,1,10,4,1.1,2,100
金沢,20260922,2,10,2,1.6,5,0
金沢,20260922,3,11,5,1.2,2,100
金沢,20260922,4,12,5,2.9,3,110
金沢,20260922,5,11,7,1.0,1,100
金沢,20260922,6,11,1,2.2,1,100
金沢,20260922,7,11,5,2.2,1,140
金沢,20260922,8,10,3,2.4,10,0
金沢,20260922,9,12,5,1.7,2,120
金沢,20260922,10,9,6,1.8,2,120
金沢,20260922,11,12,1,2.1,3,110
金沢,20260922,12,11,8,1.4,1,100
金沢,20260928,1,7,3,2.3,5,0
金沢,20260928,3,6,3,1.3,2,100
金沢,20260928,4,8,6,1.9,2,100
金沢,20260928,5,9,4,1.1,1,100
金沢,20260928,6,9,8,2.1,1,130
金沢,20260928,7,8,7,1.2,1,100
金沢,20260928,8,8,5,1.5,3,100
金沢,20260928,9,9,5,1.6,1,100
金沢,20260928,10,10,1,1.0,1,100
金沢,20260928,11,8,3,2.3,3,110
金沢,20260929,1,8,7,1.1,1,100
金沢,20260929,2,9,6,1.6,1,120
金沢,20260929,3,7,2,1.5,2,130
金沢,20260929,4,7,5,1.2,1,100
金沢,20260929,5,7,7,1.7,1,100
金沢,20260929,6,8,4,1.0,1,100
金沢,20260929,7,8,5,2.0,1,100
金沢,20260929,8,8,6,1.6,1,110
金沢,20260929,9,11,4,1.5,3,100
金沢,20260929,10,11,10,1.5,1,110
金沢,20260929,11,8,1,1.6,4,0
門別,20260901,1,10,6,1.1,1,100
門別,20260901,2,12,10,2.5,8,0
門別,20260901,3,9,7,1.6,1,110
門別,20260901,4,9,8,1.5,2,100
門別,20260901,5,12,12,1.7,5,0
門別,20260901,6,10,7,1.5,2,100
門別,20260901,7,11,7,2.3,1,120
門別,20260901,8,12,4,2.7,2,160
門別,20260901,9,10,2,3.1,8,0
門別,20260901,10,10,6,1.8,7,0
門別,20260901,11,10,3,1.2,1,100
門別,20260901,12,11,1,3.5,2,160
門別,20260902,1,11,4,3.1,8,0
門別,20260902,2,10,9,1.1,1,100
門別,20260902,3,11,1,1.6,1,130
門別,20260902,4,10,6,1.8,1,100
門別,20260902,5,7,4,2.4,4,0
門別,20260902,6,12,10,2.2,1,100
門別,20260902,7,8,6,1.6,2,100
門別,20260902,8,12,7,1.9,1,110
門別,20260902,9,9,1,1.9,1,110
門別,20260902,10,10,10,1.9,2,140
門別,20260902,11,9,5,1.6,3,100
門別,20260902,12,8,4,1.2,2,100
門別,20260903,1,11,3,2.5,8,0
門別,20260903,2,12,1,4.3,6,0
門別,20260903,3,8,7,2.4,3,110
門別,20260903,4,11,9,2.2,1,120
門別,20260903,5,10,6,1.4,1,100
門別,20260903,6,12,9,2.9,1,130
門別,20260903,7,10,8,2.3,1,120
門別,20260903,8,11,11,1.4,1,110
門別,20260903,9,10,3,1.4,2,100
門別,20260903,10,11,11,2.4,3,140
門別,20260903,11,12,9,1.8,2,110
門別,20260903,12,10,1,1.6,6,0
門別,20260908,1,12,10,2.8,1,110
門別,20260908,2,12,9,1.4,2,110
門別,20260908,3,10,10,1.9,3,100
門別,20260908,4,12,11,1.6,1,100
門別,20260908,5,11,7,2.7,3,160
門別,20260908,6,10,8,1.6,2,110
門別,20260908,7,12,10,1.8,2,110
門別,20260908,8,10,5,1.8,1,110
門別,20260908,9,12,5,2.3,4,0
門別,20260908,10,11,3,1.1,1,120
門別,20260908,11,11,4,2.4,1,0
門別,20260908,12,11,10,1.4,1,110
門別,20260909,1,8,9,1.5,3,180
門別,20260909,2,12,4,1.6,1,100
門別,20260909,3,11,4,2.9,2,140
門別,20260909,4,12,6,1.8,1,110
門別,20260909,5,12,11,2.0,1,120
門別,20260909,6,10,3,2.1,2,100
門別,20260909,7,11,9,3.3,6,0
門別,20260909,8,6,5,2.6,5,0
門別,20260909,9,9,5,3.6,1,160
門別,20260909,10,11,6,1.2,1,100
門別,20260909,11,12,10,1.5,1,100
門別,20260909,12,5,3,1.3,2,110
門別,20260910,1,11,2,1.7,2,100
門別,20260910,2,12,10,2.6,1,180
門別,20260910,3,12,8,2.0,1,160
門別,20260910,4,9,9,1.9,1,100
門別,20260910,5,6,8,2.1,1,100
門別,20260910,6,10,8,1.5,2,100
門別,20260910,7,10,1,2.2,4,0
門別,20260910,8,11,1,1.7,3,120
門別,20260910,9,7,6,1.7,2,140
門別,20260910,10,10,2,1.9,1,130
門別,20260910,11,7,6,1.7,5,0
門別,20260910,12,10,2,2.3,4,0
門別,20260915,1,12,9,1.1,2,100
門別,20260915,2,9,4,2.1,1,110
門別,20260915,3,8,4,2.1,3,120
門別,20260915,4,12,6,1.6,1,110
門別,20260915,5,11,10,2.1,1,110
門別,20260915,6,12,8,1.4,1,100
門別,20260915,7,9,4,1.6,5,0
門別,20260915,8,10,4,1.9,9,0
門別,20260915,9,10,1,2.5,1,110
門別,20260915,10,9,8,2.6,4,0
門別,20260915,11,8,8,1.6,5,0
門別,20260915,12,11,2,1.8,6,0
門別,20260916,1,11,10,2.4,1,110
門別,20260916,2,11,10,2.2,3,190
門別,20260916,3,7,7,2.1,1,210
門別,20260916,4,8,7,1.7,3,130
門別,20260916,5,9,5,1.6,6,0
門別,20260916,6,9,1,1.9,1,100
門別,20260916,7,9,7,2.0,6,0
門別,20260916,8,7,2,1.1,1,110
門別,20260916,9,8,9,1.1,1,100
門別,20260916,10,10,3,1.7,4,0
門別,20260916,11,8,6,3.5,1,170
門別,20260916,12,12,8,2.0,1,120
門別,20260917,2,8,7,1.4,1,120
門別,20260917,3,8,5,1.8,3,110
門別,20260917,4,9,6,1.8,3,120
門別,20260917,5,10,5,2.4,1,130
門別,20260917,6,9,9,1.4,2,110
門別,20260917,7,9,9,1.7,7,0
門別,20260917,8,10,6,1.5,4,0
門別,20260917,9,11,6,1.6,2,120
門別,20260917,10,11,5,2.1,2,100
門別,20260917,11,8,3,2.5,2,150
門別,20260917,12,14,6,1.9,1,120
門別,20260922,1,12,1,2.2,9,0
門別,20260922,2,12,1,1.8,1,100
門別,20260922,3,11,9,2.8,3,150
門別,20260922,4,11,4,1.7,6,0
門別,20260922,5,12,11,3.5,5,0
門別,20260922,6,10,7,2.0,5,0
門別,20260922,7,9,4,2.1,4,0
門別,20260922,8,12,8,2.4,11,0
門別,20260922,9,12,3,3.6,1,140
門別,20260922,10,10,8,3.2,1,110
門別,20260922,11,12,1,1.6,1,100
門別,20260922,12,9,7,1.0,1,100
門別,20260923,1,12,12,2.7,2,120
門別,20260923,2,12,9,2.0,7,0
門別,20260923,3,10,7,1.5,1,100
門別,20260923,4,12,10,2.2,2,140
門別,20260923,5,8,5,2.4,1,140
門別,20260923,6,10,10,1.0,1,100
門別,20260923,7,9,5,1.5,1,100
門別,20260923,8,12,2,3.6,5,0
門別,20260923,9,12,12,1.2,1,120
門別,20260923,10,11,6,2.9,5,0
門別,20260923,11,8,7,1.4,1,100
門別,20260923,12,11,7,1.0,1,100
門別,20260924,1,12,12,1.3,1,100
門別,20260924,2,10,9,3.4,1,170
門別,20260924,3,11,10,1.5,1,110
門別,20260924,4,10,3,1.5,2,150
門別,20260924,5,11,9,1.0,1,100
門別,20260924,6,7,7,1.6,1,110
門別,20260924,7,9,2,2.0,5,0
門別,20260924,8,10,3,1.4,3,130
門別,20260924,9,8,4,1.5,2,100
門別,20260924,10,8,2,1.5,1,110
門別,20260924,11,9,3,2.6,4,0
門別,20260924,12,10,7,2.0,2,100
門別,20260929,1,11,7,2.4,3,110
門別,20260929,2,10,8,1.2,5,0
門別,20260929,3,11,2,1.4,1,120
門別,20260929,4,9,2,2.5,1,110
門別,20260929,5,11,10,1.7,3,100
門別,20260929,6,11,8,3.0,4,0
門別,20260929,7,12,10,1.4,2,100
門別,20260929,8,12,11,2.3,1,110
門別,20260929,9,10,8,2.2,6,0
門別,20260929,10,12,12,1.7,10,0
門別,20260929,11,9,2,2.0,2,110
門別,20260929,12,12,2,2.0,1,130
門別,20260930,1,10,3,2.3,2,100
門別,20260930,2,10,10,2.7,1,180
門別,20260930,3,9,1,1.7,1,100
門別,20260930,4,8,2,1.7,7,0
門別,20260930,5,8,7,2.7,3,110
門別,20260930,6,12,4,2.8,3,120
門別,20260930,7,11,10,2.4,2,110
門別,20260930,8,12,7,2.2,5,0
門別,20260930,9,12,9,1.4,2,120
門別,20260930,10,12,9,2.0,4,0
門別,20260930,11,12,7,1.6,2,110
門別,20260930,12,12,12,1.9,2,100
高知,20260905,1,8,3,2.1,7,0
高知,20260905,2,9,2,1.1,1,100
高知,20260905,3,10,9,1.4,1,130
高知,20260905,4,11,9,1.2,1,100
高知,20260905,5,10,10,2.7,7,0
高知,20260905,6,8,2,1.3,1,100
高知,20260905,7,9,1,1.7,4,0
高知,20260905,8,10,10,1.4,1,120
高知,20260905,9,11,6,2.6,1,130
高知,20260905,10,12,2,1.5,8,0
高知,20260905,11,12,7,1.5,1,110
高知,20260906,1,6,5,2.0,5,0
高知,20260906,2,8,4,1.3,1,100
高知,20260906,3,9,9,1.7,1,100
高知,20260906,4,10,9,2.0,1,120
高知,20260906,5,8,1,2.5,1,120
高知,20260906,6,11,9,1.1,1,100
高知,20260906,7,9,7,1.2,1,0
高知,20260906,8,9,4,1.1,1,100
高知,20260906,9,10,3,1.3,1,120
高知,20260906,10,10,11,1.1,1,130
高知,20260906,11,8,3,1.2,1,100
高知,20260906,12,11,11,3.0,11,0
高知,20260912,1,11,2,1.1,1,100
高知,20260912,2,10,10,1.8,1,120
高知,20260912,3,11,1,1.9,2,110
高知,20260912,4,8,5,1.0,2,100
高知,20260912,5,11,2,1.4,1,110
高知,20260912,6,11,2,1.4,1,110
高知,20260912,7,10,8,1.6,1,100
高知,20260912,8,11,2,1.8,1,110
高知,20260912,9,9,4,2.1,1,130
高知,20260912,10,8,7,2.7,5,0
高知,20260912,11,10,6,2.4,7,0
高知,20260912,12,11,1,1.9,1,130
高知,20260913,1,12,9,3.8,1,140
高知,20260913,2,11,9,1.8,2,110
高知,20260913,3,12,11,1.6,3,170
高知,20260913,4,12,3,2.3,3,110
高知,20260913,5,10,10,1.4,6,0
高知,20260913,6,8,2,1.1,1,100
高知,20260913,7,12,12,1.5,1,100
高知,20260913,8,8,3,2.0,1,100
高知,20260913,9,10,6,1.3,1,100
高知,20260913,10,10,10,1.9,1,140
高知,20260913,11,8,2,1.3,1,110
高知,20260913,12,11,8,2.2,1,110
高知,20260920,2,6,4,2.1,3,0
高知,20260920,3,8,6,2.3,1,100
高知,20260920,4,8,5,1.7,1,100
高知,20260920,5,12,6,1.2,1,100
高知,20260920,6,9,9,1.3,1,100
高知,20260920,7,9,9,1.6,1,100
高知,20260920,8,8,4,1.6,5,0
高知,20260920,9,11,11,1.1,1,100
高知,20260920,10,10,3,1.7,3,110
高知,20260920,11,11,4,1.3,1,110
高知,20260920,12,11,12,2.9,3,120
高知,20260922,1,5,3,1.1,1,130
高知,20260922,2,12,5,3.2,4,0
高知,20260922,3,10,10,2.0,7,0
高知,20260922,4,11,10,2.8,3,130
高知,20260922,5,10,9,1.2,1,100
高知,20260922,6,11,10,2.4,1,110
高知,20260922,7,9,1,2.0,2,100
高知,20260922,8,10,8,2.1,1,110
高知,20260922,9,9,5,2.3,1,140
高知,20260922,10,8,7,1.2,2,100
高知,20260922,11,12,8,1.2,1,130
高知,20260922,12,12,7,3.0,6,0
高知,20260926,1,10,3,1.3,2,100
高知,20260926,2,9,6,1.0,1,100
高知,20260926,3,11,7,1.8,7,0
高知,20260926,4,8,4,1.8,1,100
高知,20260926,5,8,6,2.0,1,100
高知,20260926,6,7,8,1.7,1,110
高知,20260926,7,11,1,2.4,1,110
高知,20260926,8,11,10,1.4,1,110
高知,20260926,9,8,8,2.4,5,0
高知,20260926,10,10,6,3.4,8,0
高知,20260926,11,12,12,2.5,12,0
高知,20260927,1,10,1,2.9,4,0
高知,20260927,2,10,9,3.4,2,140
高知,20260927,3,10,9,1.6,4,0
高知,20260927,4,10,8,1.3,2,100
高知,20260927,5,11,10,2.0,3,130
高知,20260927,6,9,4,2.6,3,130
高知,20260927,7,12,11,1.7,8,0
高知,20260927,8,11,9,1.2,1,100
高知,20260927,9,9,10,2.2,2,120
高知,20260927,10,9,5,2.2,1,110
高知,20260927,11,8,3,2.1,1,110
高知,20260927,12,10,5,3.7,1,180
